<?xml version="1.0" encoding="UTF-8"?>
<beans xmlns="http://www.springframework.org/schema/beans"
       xmlns:xsi="http://www.w3.org/2001/XMLSchema-instance"
       xmlns:context="http://www.springframework.org/schema/context"
       xsi:schemaLocation="http://www.springframework.org/schema/beans http://www.springframework.org/schema/beans/spring-beans.xsd http://www.springframework.org/schema/context https://www.springframework.org/schema/context/spring-context.xsd">

        <context:component-scan base-package="com.*"/>

   <bean id="dataSource" class="org.springframework.jdbc.datasource.DriverManagerDataSource" >
       <property name="driverClassName" value="com.mysql.cj.jdbc.Driver"/>
       <property name="url" value="jdbc:mysql://localhost:3306/nendrasys"/>
       <property name="username" value="root"/>
       <property name="password" value="root"/>
   </bean>

    <bean id="jdbcTemplate" class="org.springframework.jdbc.core.JdbcTemplate">
        <property name="dataSource" ref="dataSource"/>
    </bean>

    <bean id="studentDaoImpl" class="com.nendrasys.daos.StudentRegDaoImpl">
        <property name="template" ref="jdbcTemplate"/>
    </bean>

    <bean id="studentServiceImpl" class="com.nendrasys.services.StudentRegServiceImpl">
        <property name="studentRegDao" ref="studentDaoImpl"/>
    </bean>

    <bean class="org.springframework.web.servlet.view.InternalResourceViewResolver">
        <property name="prefix" value="/WEB-INF/pages/"/>
        <property name="suffix" value=".jsp"/>
    </bean>

    <!-- JSON Support -->
  <!--  <bean name="viewResolver" class="org.springframework.web.servlet.view.BeanNameViewResolver"/>
    <bean name="jsonTemplate" class="org.springframework.web.servlet.view.json.MappingJackson2JsonView"/>
-->

</beans>